key,_id,GPS.latitude,GPS.longitude,city,name,type,address,department
1,61b07833fc13ae0e32000172,15.226768,102.496025,Phimai,Farrer Park Pharmacy,pharmacy,53416 Delladonna Place,
2,61b07833fc13ae0e32000173,-6.3267969,107.2932396,Sukaharja,Fairbanks Memorial Hospital,hospital,4313 Pine View Point,8
3,61b07833fc13ae0e32000174,40.6918277,20.9424673,Progër,KK Outpatient Pharmacy,pharmacy,007 Delaware Crossing,
4,61b07833fc13ae0e32000175,10.5922194,123.4845632,Calatrava,Athens Limestone Hospital,hospital,45453 Mitchell Court,9
5,61b07833fc13ae0e32000176,17.1390992,102.9715346,Ban Phan Don,NATIONAL UNIVERSITY HOSPITAL (S) PTE LTD (RETAIL PHARMACY),pharmacy,4455 Carberry Pass,
6,61b07833fc13ae0e32000177,10.2603809,13.2605763,Mubi,COVID CENTER 26,specialized center,776 Stone Corner Place,
7,61b07833fc13ae0e32000178,-6.4045182,106.8341509,Jami,Tan Tock Seng Hospital (Outpatient & Retail Pharmacy),pharmacy,5848 Welch Drive,
8,61b07833fc13ae0e32000179,57.5384659,25.4263618,Valmiera,SINGHEALTH POLY-OUTRAM,pharmacy,89 Waubesa Court,
9,61b07833fc13ae0e3200017a,-7.55,111.116667,Balong,COVID CENTER 44,specialized center,27 Spaight Point,
10,61b07833fc13ae0e3200017b,-7.9211147,111.4946618,Gandu,Citizens Baptist Medical Center,hospital,8162 Columbus Place,8
11,61b07833fc13ae0e3200017c,59.2420906,18.1015207,Kristinehamn,Canyon Vista Medical Center,hospital,5393 Main Place,8
12,61b07833fc13ae0e3200017d,35.1899597,25.7164166,Áyios Nikólaos,Northeast Alabama Regional Medical Center,hospital,2378 Sunnyside Hill,3
13,61b07833fc13ae0e3200017e,51.8971298,17.7805434,Pleszew,Ketchikan Medical Center,hospital,00 Esch Pass,9
14,61b07833fc13ae0e3200017f,55.0356736,23.5860512,Vilkija,COVID CENTER 35,specialized center,1 Glacier Hill Hill,
15,61b07833fc13ae0e32000180,-9.6551739,124.2699432,Tutem,Verde Valley Medical Center,hospital,701 Butternut Center,9
16,61b07833fc13ae0e32000181,39.9990626,-83.0173386,Columbus,Stringfellow Memorial Hospital,hospital,9 Garrison Center,10
17,61b07833fc13ae0e32000182,-15.67164,-74.536774,Yauca,Cullman Regional Medical Center,hospital,839 Forest Dale Street,2
18,61b07833fc13ae0e32000183,60.1946148,24.9584208,Pernå,NATIONAL HEART CENTRE PHARMACY,pharmacy,6 Eagan Park,
19,61b07833fc13ae0e32000184,36.6085381,44.5238693,Rāwandūz,Specialist Compounding Pharmacy Pte Ltd,pharmacy,5 Sheridan Parkway,
20,61b07833fc13ae0e32000185,40.0480392,23.4134501,Kassándreia,COVID CENTER 55,specialized center,4512 Bashford Hill,
21,61b07833fc13ae0e32000186,2.0454995,100.6365483,Rantaupanjangkiri,Shoals Hospital,hospital,882 Stuart Point,2
22,61b07833fc13ae0e32000187,51.669945,16.5376529,Góra,COVID CENTER 7,specialized center,13223 Arapahoe Center,
23,61b07833fc13ae0e32000188,33.157445,106.834805,Xinjiezi,MOUNT ELIZABETH NOVENA HOSPITAL PHARMACY,pharmacy,0 Arkansas Avenue,
24,61b07833fc13ae0e32000189,14.8572534,120.6213379,Malusac,COVID CENTER 21,specialized center,77 Pawling Crossing,
25,61b07833fc13ae0e3200018a,9.4362547,123.1893864,Silab,COVID CENTER 45,specialized center,946 Forster Way,
26,61b07833fc13ae0e3200018b,-6.3398714,108.2970692,Sindang,COVID CENTER 6,specialized center,8655 Browning Crossing,
27,61b07833fc13ae0e3200018c,31.520703,120.270218,Lihu,COVID CENTER 31,specialized center,739 Melvin Terrace,
28,61b07833fc13ae0e3200018d,-7.698725,113.8465758,Pasirputih,Washington County Hospital,hospital,1311 Schlimgen Point,1
29,61b07833fc13ae0e3200018e,34.341574,108.93977,Xi’an,NATIONAL HEART CENTRE PHARMACY,pharmacy,74 Surrey Lane,
30,61b07833fc13ae0e3200018f,30.5911589,50.234745,Behbahān,KK Emergency Pharmacy,pharmacy,57 Redwing Hill,
31,61b07833fc13ae0e32000190,40.9392676,46.3748931,Qırmızı Samux,COVID CENTER 32,specialized center,09536 Melody Way,
32,61b07833fc13ae0e32000191,13.4945205,102.2776838,Khlong Hat,Jackson Medical Center,hospital,01712 Heath Lane,9
33,61b07833fc13ae0e32000192,15.9858807,120.5721737,Urdaneta,Providence Hospital,hospital,91 Magdeline Drive,7
34,61b07833fc13ae0e32000193,31.926481,35.236911,Baytīn,COVID CENTER 45,specialized center,50993 Comanche Hill,
35,61b07833fc13ae0e32000194,17.7177253,102.1175404,Nam Som,D C H Regional Medical Center,hospital,10 Dixon Lane,1
36,61b07833fc13ae0e32000195,-7.5629468,111.4559084,Tebon,Mount Alvernia Hospital (Main Pharmacy),pharmacy,74999 Miller Court,
37,61b07833fc13ae0e32000196,15.1048617,120.9216776,Mapaniqui,Samuel Simmonds Memorial Hospital,hospital,429 Armistice Crossing,9
38,61b07833fc13ae0e32000197,30.761853,117.007039,Liantan,COVID CENTER 15,specialized center,42 Dottie Trail,
39,61b07833fc13ae0e32000198,41.9986907,21.4874715,Čair,COVID CENTER 21,specialized center,68 Talisman Hill,
40,61b07833fc13ae0e32000199,48.8959487,2.2679278,Neuilly-sur-Seine,COVID CENTER 49,specialized center,53 Elka Street,
41,61b07833fc13ae0e3200019a,7.0389957,126.4497814,Tarragona,Northeast Alabama Regional Medical Center,hospital,068 Kinsman Crossing,3
42,61b07833fc13ae0e3200019b,5.87568,121.29146,Kanlagay,CGH Pharmacy B,pharmacy,23 Maryland Point,
43,61b07833fc13ae0e3200019c,41.7047388,24.3697976,Devin,COVID CENTER 18,specialized center,87 Golf View Avenue,
44,61b07833fc13ae0e3200019d,38.0515795,-87.6876112,Evansville,Scottsdale Osborn Medical Center,hospital,048 Cambridge Place,1
45,61b07833fc13ae0e3200019e,14.6100657,121.0078432,New Cebu,COVID CENTER 4,specialized center,6724 Swallow Hill,
46,61b07833fc13ae0e3200019f,40.3258678,23.9813901,Ouranoupolis,Wrangell Medical Center,hospital,99 Becker Point,5
47,61b07833fc13ae0e320001a0,26.641315,100.222545,Baisha,Alchemy Pharmacy,pharmacy,8 Mcbride Parkway,
48,61b07833fc13ae0e320001a1,-11.748639,-75.4854472,Pancan,WELCIA-BHG LOT ONE,pharmacy,92021 Nelson Court,
49,61b07833fc13ae0e320001a2,-23.351784,-47.6931718,Iperó,COVID CENTER 34,specialized center,810 Helena Road,
50,61b07833fc13ae0e320001a3,24.3520171,116.6930225,Hetou,COVID CENTER 21,specialized center,34 Lillian Plaza,
51,61b07833fc13ae0e320001a4,56.3615314,41.0836902,Novki,Alaska Native Medical Center,hospital,3 Melvin Road,3
52,61b07833fc13ae0e320001a5,-8.605,122.743,Watubuku,MT ALVERNIA HOSPITAL RETAIL PHARMACY,pharmacy,2 Farwell Terrace,
53,61b07833fc13ae0e320001a6,42.060385,120.665667,Loujiadian,COVID CENTER 11,specialized center,030 Nelson Junction,
54,61b07833fc13ae0e320001a7,22.919228,115.652151,Liufeng,Citizens Baptist Medical Center,hospital,81350 Browning Plaza,8
55,61b07833fc13ae0e320001a8,24.945573,114.030161,Shensuo,COVID CENTER 43,specialized center,64450 Spenser Road,
56,61b07833fc13ae0e320001a9,31.364902,108.249509,Gaoqiao,MOUNT ELIZABETH NOVENA HOSPITAL PHARMACY,pharmacy,55287 Swallow Place,
57,61b07833fc13ae0e320001aa,14.6965,-87.578697,Jamalteca,University Of Alabama Hospital,hospital,631 Melrose Alley,3
58,61b07833fc13ae0e320001ab,-10.333333,-77.45,Congas,Cullman Regional Medical Center,hospital,6011 Lukken Parkway,3
59,61b07833fc13ae0e320001ac,29.234232,116.835701,Youcheng,COVID CENTER 53,specialized center,7 Coleman Place,
60,61b07833fc13ae0e320001ad,42.3604802,-71.0590624,Boston,COVID CENTER 20,specialized center,60731 Prairie Rose Circle,
61,61b07833fc13ae0e320001ae,25.63273,118.980277,Zhuangbian,COVID CENTER 23,specialized center,56 Graedel Pass,
62,61b07833fc13ae0e320001af,-9.7239549,124.272721,Obesi,Jurong Medical Centre Pharmacy,pharmacy,41 David Crossing,
63,61b07833fc13ae0e320001b0,39.193073,112.865891,Yanmen,Mobile Infirmary Medical Center,hospital,27746 Kenwood Pass,1
64,61b07833fc13ae0e320001b1,23.131797,113.407143,Huangcun,Amber Compounding Pharmacy Pte Ltd,pharmacy,42814 Florence Street,
65,61b07833fc13ae0e320001b2,-40.6607937,-72.6131562,Puyehue,Tan Tock Seng Hospital (Pharmacy Level 2),pharmacy,2 Annamark Crossing,
66,61b07833fc13ae0e320001b3,-13.1612425,-74.2152331,Conchopata,WATSONS PERSONAL CARE STORES (TIONG BAHRU PLAZA),pharmacy,625 Little Fleur Court,
67,61b07833fc13ae0e320001b4,-33.4442688,-70.7233493,Lo Prado,Princeton Pharmacy (S) Pte Ltd,pharmacy,960 Arrowood Crossing,
68,61b07833fc13ae0e320001b5,58.0312993,38.6043668,Rybinsk,COVID CENTER 35,specialized center,77 Northwestern Point,
69,61b07833fc13ae0e320001b6,29.3738721,71.6934843,Yazman,Healing Hub @ Ang Mo Kio - Thye Hua Kwan Hospital,pharmacy,873 Westend Circle,
70,61b07833fc13ae0e320001b7,43.1555152,19.1226018,Žabljak,,,852 Forest Dale Lane,
71,61b07833fc13ae0e320001b8,40.9447008,-7.3883126,Antas,Tanner Medical Center-east Alabama,hospital,1 Lyons Center,5
72,61b07833fc13ae0e320001b9,-8.1924285,112.7011258,Mentaraman Satu,St. Mary's Hospital,hospital,30 Portage Court,4
73,61b07833fc13ae0e320001ba,-7.0379245,108.4187029,Sakerta Timur,Georgiana Medical Center,hospital,409 Everett Pass,6
74,61b07833fc13ae0e320001bb,21.850061,111.197459,Shipaidong,J Paul Jones Hospital,hospital,284 Summer Ridge Court,8
75,61b07833fc13ae0e320001bc,14.3355782,-87.6457807,Yarumela,COVID CENTER 53,specialized center,45 Oak Junction,
76,61b07833fc13ae0e320001bd,37.513068,122.120419,Waihai,National University Hospital (s) Pte Ltd (Pharmacy @ NCIS),pharmacy,9 Kedzie Pass,
77,61b07833fc13ae0e320001be,9.3295342,124.6133794,Balingoan,Vaughan Regional Medical Center Parkway Campus,hospital,85167 Waxwing Drive,3
78,61b07833fc13ae0e320001bf,53.1294318,87.4792556,Novokuz’minki,Princeton Baptist Medical Center,hospital,26 Del Mar Alley,9
79,61b07833fc13ae0e320001c0,23.1833095,113.358579,Xomong,COVID CENTER 40,specialized center,025 Helena Road,
80,61b07833fc13ae0e320001c1,-0.819175,120.167297,Parigi,COVID CENTER 39,specialized center,43 Melrose Park,
81,61b07833fc13ae0e320001c2,44.8245862,19.771335,Platičevo,Raffles Health Holland V,pharmacy,9 1st Point,
82,61b07833fc13ae0e320001c3,-16.5062723,-151.7495305,Vaitape,Marshall Medical Center South,hospital,08 Center Street,1
83,61b07833fc13ae0e320001c4,34.9565646,135.7023712,Mukō,WELCIA-BHG LOT ONE,pharmacy,40 Laurel Center,
84,61b07833fc13ae0e320001c5,-17.4328946,-41.9989718,Novo Cruzeiro,Floyd Cherokee Medical Center,hospital,0 Crowley Alley,4
85,61b07833fc13ae0e320001c6,35.1083109,136.1458137,Ōmihachiman,COVID CENTER 15,specialized center,7 Graceland Plaza,
86,61b07833fc13ae0e320001c7,10.729632,124.795761,Kilim,Banner - University Medical Center Phoenix,hospital,0756 Cambridge Parkway,7
87,61b07833fc13ae0e320001c8,-23.047822,-50.068456,Cambará,COVID CENTER 14,specialized center,2792 Corry Pass,
88,61b07833fc13ae0e320001c9,38.1162631,140.8585745,Asahi,SINGAPORE NATIONAL EYE CENTRE PTE LTD,pharmacy,5 Moland Crossing,
89,61b07833fc13ae0e320001ca,30.6907753,49.8240194,Aghajari,COVID CENTER 57,specialized center,41075 Park Meadow Point,
90,61b07833fc13ae0e320001cb,37.1597899,-8.0359507,Valtelheiro,St Vincent's Chilton,hospital,539 International Center,3
91,61b07833fc13ae0e320001cc,19.5531189,-98.8755659,San Juan,GRACE HEALTHCARE,pharmacy,2 Utah Circle,
92,61b07833fc13ae0e320001cd,29.9193861,73.0747872,Chishtiān Mandi,Decatur Morgan Hospital-decatur Campus,hospital,3 Morrow Pass,8
93,61b07833fc13ae0e320001ce,25.66788,110.547966,Baitao,CONCORD HEALTHCARE RETAIL PHARMACY,pharmacy,43 Ridgeview Circle,
94,61b07833fc13ae0e320001cf,34.21422,69.10026,Muḩammad Āghah Wuluswālī,L V Stabler Memorial Hospital,hospital,3 Monument Point,9
95,61b07833fc13ae0e320001d0,35.6046794,139.730028,Ōi,Marshall Medical Center South,hospital,3258 Crescent Oaks Street,10
96,61b07833fc13ae0e320001d1,18.9384732,-70.407981,Quisqueya,Andalusia Health,hospital,97 Meadow Ridge Center,2
97,61b07833fc13ae0e320001d2,6.961969,-75.4190689,Yarumal,PARKWAY EAST HOSPITAL PHARMACY,pharmacy,5 1st Park,
98,61b07833fc13ae0e320001d3,-7.2558406,112.525711,Kemendung,COVID CENTER 35,specialized center,7 Crest Line Junction,
99,61b07833fc13ae0e320001d4,-10.5792295,-37.745028,Pinhão,Dale Medical Center,hospital,72 Caliangt Crossing,7
100,61b07833fc13ae0e320001d5,30.63963,114.385538,Qingshan,Specialist Compounding Pharmacy Pte Ltd,pharmacy,6797 Kingsford Crossing,
101,61b07833fc13ae0e320001d6,36.6919385,38.9511518,Tall Abyaḑ,Raffles Health Holland V,pharmacy,8090 Emmet Way,
102,61b07833fc13ae0e320001d7,4.6096768,101.1064003,Ipoh,Clinic B Pharmacy,pharmacy,58 Randy Avenue,
103,61b07833fc13ae0e320001d8,41.0394198,-8.5359207,Lavadorinhos,SGH OUTPATIENT PHARMACY (BLK 3),pharmacy,82 Derek Trail,
104,61b07833fc13ae0e320001d9,56.071894,37.0625324,Povarovo,St. Mary's Hospital,hospital,59182 Arapahoe Park,8
105,61b07833fc13ae0e320001da,13.7876294,101.3885001,Phanom Sarakham,COVID CENTER 47,specialized center,08 Orin Point,
106,61b07833fc13ae0e320001db,18.714928,110.401814,Dong’ao,Nishino Pharmacy (Takashimaya),pharmacy,3825 Kinsman Center,
107,61b07833fc13ae0e320001dc,55.1936526,75.9684541,Tatarsk,Tan Tock Seng Hospital (Pharmacy Level 2),pharmacy,82 Moose Parkway,
108,61b07833fc13ae0e320001dd,55.5192748,26.3223328,Dūkštas,Clinic B Pharmacy,pharmacy,418 John Wall Junction,
109,61b07833fc13ae0e320001de,37.444498,114.498761,Lincheng,Monroe County Hospital,hospital,71987 Bartelt Road,10
110,61b07833fc13ae0e320001df,14.5396049,99.9970034,Suphan Buri,COVID CENTER 24,specialized center,42 Algoma Alley,
111,61b07833fc13ae0e320001e0,21.355574,106.8355372,An Châu,Choctaw General Hospital,hospital,4032 Haas Alley,1
112,61b07833fc13ae0e320001e1,25.748455,116.747009,Gechuan,Mizell Memorial Hospital,hospital,008 Comanche Hill,2
113,61b07833fc13ae0e320001e2,23.028956,113.143441,Nanwai,Jurong Medical Centre Pharmacy,pharmacy,22027 Meadow Valley Center,
114,61b07833fc13ae0e320001e3,29.295,47.93306,Ar Rābiyah,Fairbanks Memorial Hospital,hospital,24976 Shelley Terrace,9
115,61b07834fc13ae0e320001e4,43.0429124,1.9038837,Lyon,ALPS PHARMACY,pharmacy,13 Vernon Hill,
116,61b07834fc13ae0e320001e5,53.175543,21.296838,Baranowo,COVID CENTER 22,specialized center,3420 Bashford Way,
117,61b07834fc13ae0e320001e6,13.1782149,30.2166519,El Obeid,Crenshaw Community Hospital,hospital,32 Schurz Alley,1
118,61b07834fc13ae0e320001e7,-3.9318403,114.9754175,Jorong,COVID CENTER 5,specialized center,8 Stone Corner Junction,
119,61b07834fc13ae0e320001e8,25.5020583,117.3701447,Huhe,COVID CENTER 8,specialized center,28990 Jana Junction,
120,61b07834fc13ae0e320001e9,10.2995028,-61.175278,Rio Claro,COVID CENTER 42,specialized center,9748 Bluestem Point,
121,61b07834fc13ae0e320001ea,13.7754325,100.5127381,Dusit,COVID CENTER 24,specialized center,49 Manley Terrace,
122,61b07834fc13ae0e320001eb,37.56702,68.44668,Gharavŭtí,Clay County Hospital,hospital,25 Homewood Crossing,4
123,61b07834fc13ae0e320001ec,27.5828698,85.5097226,Panaoti,COVID CENTER 25,specialized center,83306 Forest Run Street,
124,61b07834fc13ae0e320001ed,37.1845893,136.9002781,Kashima,Maniilaq Health Center,hospital,7 Colorado Terrace,6
125,61b07834fc13ae0e320001ee,55.9015576,52.3550104,Mendeleyevsk,COVID CENTER 29,specialized center,2583 Northfield Trail,
126,61b07834fc13ae0e320001ef,38.05106,114.463347,Xinhua,MOHAMED MUSTAFA & SAMSUDDIN CO PTE LTD (MUSTAFA CENTRE),pharmacy,399 Waywood Junction,
127,61b07834fc13ae0e320001f0,39.2674443,141.8622297,Kamaishi,COVID CENTER 55,specialized center,17855 Sommers Terrace,
128,61b07834fc13ae0e320001f1,49.6470903,18.1621577,Příbor,Shelby Baptist Medical Center,hospital,8 Sunfield Place,5
129,61b07834fc13ae0e320001f2,13.5616918,-15.8304975,No Kunda,Russell Medical Center,hospital,763 Drewry Plaza,1
130,61b07834fc13ae0e320001f3,-6.8907337,111.2785407,Gaplokan,Providence Valdez Medical Center,hospital,172 Ryan Crossing,7
131,61b07834fc13ae0e320001f4,-22.790968,-43.369805,São João de Meriti,MOUNT ELIZABETH NOVENA HOSPITAL PHARMACY,pharmacy,24 Raven Alley,
132,61b07834fc13ae0e320001f5,13.6954096,100.5127381,Bang Kho Laem,Mount Elizabeth Hospital,pharmacy,6515 Macpherson Drive,
133,61b07834fc13ae0e320001f6,-10.37092,-77.492203,Copa,Mount Elizabeth Hospital,pharmacy,26589 Quincy Hill,
134,61b07834fc13ae0e320001f7,35.904442,115.110483,Jindou,SINGHEALTH POLY-OUTRAM,pharmacy,2355 Logan Parkway,
135,61b07834fc13ae0e320001f8,50.0957911,16.984906,Jindřichov,Clinic B Pharmacy,pharmacy,57323 Summer Ridge Parkway,
136,61b07834fc13ae0e320001f9,39.6611469,20.1789757,Konispol,COVID CENTER 8,specialized center,304 Pawling Drive,
137,61b07834fc13ae0e320001fa,31.7751564,117.2102637,Dartang,Highlands Medical Center,hospital,02 Summer Ridge Center,4
138,61b07834fc13ae0e320001fb,53.180879,17.0835566,Wysoka,Tan Tock Seng Hospital (Pharmacy Level 2),pharmacy,9196 Moland Park,
139,61b07834fc13ae0e320001fc,31.9339724,118.670339,Hongmiao,SINGHEALTH POLY-OUTRAM,pharmacy,07 Express Center,
140,61b07834fc13ae0e320001fd,-7.3225,107.86,Cikuray,Russellville Hospital,hospital,7 Portage Trail,3
141,61b07834fc13ae0e320001fe,49.9466816,18.8244645,Radostowice,Baptist Medical Center East,hospital,59 Manley Junction,7
142,61b07834fc13ae0e320001ff,52.199771,21.14523,Wawer,COVID CENTER 28,specialized center,76982 Miller Way,
143,61b07834fc13ae0e32000200,14.6404686,120.9915504,Cabatuan,Maniilaq Health Center,hospital,815 Kensington Pass,4
144,61b07834fc13ae0e32000201,56.0764809,88.6780253,Tisul’,Marion Regional Medical Center,hospital,52 Beilfuss Circle,2
145,61b07834fc13ae0e32000202,39.9041999,116.4073963,Baijiang,COVID CENTER 5,specialized center,9980 Glendale Avenue,
146,61b07834fc13ae0e32000203,50.2837307,2.7425682,Arras,Jurong Community Hospital Pharmacy,pharmacy,34 Jenna Junction,
147,61b07834fc13ae0e32000204,-15.8272432,-50.265662,Goiás,Vaughan Regional Medical Center Parkway Campus,hospital,5318 Grover Avenue,9
148,61b07834fc13ae0e32000205,43.4945737,5.8978018,Paris 04,COVID CENTER 19,specialized center,688 Texas Terrace,
149,61b07834fc13ae0e32000206,-10.9564306,-76.933337,Paccho,St Vincents Blount,hospital,89 Steensland Street,9
150,61b07834fc13ae0e32000207,54.2331,-125.7533,Burns Lake,KK Emergency Pharmacy,pharmacy,338 Randy Parkway,
151,61b07834fc13ae0e32000208,59.9251831,10.8203114,Oslo,Mizell Memorial Hospital,hospital,63 Daystar Place,7
152,61b07834fc13ae0e32000209,41.65041,59.9164,Tagta,COVID CENTER 5,specialized center,86389 Del Sol Plaza,
153,61b07834fc13ae0e3200020a,59.0541421,12.695366,Åmål,COVID CENTER 25,specialized center,1 Carpenter Center,
154,61b07834fc13ae0e3200020b,41.5728211,23.7282719,Gotse Delchev,Medical Center Barbour,hospital,3 Gina Place,8
155,61b07834fc13ae0e3200020c,31.95402,35.1624,Az Zaytūnīyah,COVID CENTER 16,specialized center,34588 Kinsman Point,
156,61b07834fc13ae0e3200020d,55.61667,23.18333,Tytuvėnėliai,Mount Alvernia Hospital (Main Pharmacy),pharmacy,85 Mallard Place,
157,61b07834fc13ae0e3200020e,41.0874823,-7.9582137,Mosteiro,Community Hospital Inc,hospital,2893 American Court,2
158,61b07834fc13ae0e3200020f,34.329605,108.708991,Xianyan,St Joseph's Hospital,hospital,0397 Fallview Circle,5
159,61b07834fc13ae0e32000210,10.0192191,-69.2519936,Cabudare,COVID CENTER 57,specialized center,0 Graedel Junction,
160,61b07834fc13ae0e32000211,55.6717773,12.5605145,København,Khoo Teck Puat Hospital Pharmacy,pharmacy,2299 Lawn Hill,
161,61b07834fc13ae0e32000212,41.000673,123.2861901,Xiadahe,Maricopa Medical Center,hospital,88 Mifflin Lane,10
162,61b07834fc13ae0e32000213,40.4529251,49.7333235,Khirdalan,COVID CENTER 58,specialized center,6429 Roxbury Court,
163,61b07834fc13ae0e32000214,42.0256471,24.1082622,Rakitovo,Alexandra Hospital Retail Pharmacy,pharmacy,15 Park Meadow Drive,
164,61b07834fc13ae0e32000215,-12.5444681,-41.8402054,Seabra,Floyd Cherokee Medical Center,hospital,4263 Welch Park,1
165,61b07834fc13ae0e32000216,48.73808,-69.08478,Forestville,Canyon Vista Medical Center,hospital,908 Colorado Place,4
166,61b07834fc13ae0e32000217,41.1645867,-7.7937927,Peso da Régua,COVID CENTER 30,specialized center,06 Oxford Drive,
167,61b07834fc13ae0e32000218,58.3958615,13.8536226,Mariestad,Dekalb Regional Medical Center,hospital,1155 Toban Trail,1
168,61b07834fc13ae0e32000219,8.4677773,-82.3912892,El Quiteño,University Of S A Children's And Women's Hos,hospital,36640 School Alley,7
169,61b07834fc13ae0e3200021a,49.0285391,2.3236877,Domont,St Joseph's Hospital,hospital,4 Merry Road,3
170,61b07834fc13ae0e3200021b,37.943121,115.217658,Xinji,Hill Hospital Of Sumter County,hospital,0006 Meadow Ridge Way,1
171,61b07834fc13ae0e3200021c,52.1124967,26.0634602,Pinsk,COVID CENTER 56,specialized center,18312 Texas Point,
172,61b07834fc13ae0e3200021d,26.1218315,32.4715312,Dishnā,Northeast Alabama Regional Medical Center,hospital,9 Badeau Road,7
173,61b07834fc13ae0e3200021e,41.2378592,-8.5349198,Alfena,D C H Regional Medical Center,hospital,24 Mayfield Park,9
174,61b07834fc13ae0e3200021f,-9.6593944,120.2761574,Kampungraja,ST ANDREW'S COMMUNITY HOSPITAL PHARMACY,pharmacy,133 Toban Alley,
175,61b07834fc13ae0e32000220,-7.5450262,111.6556388,Krajan,Amber Compounding Pharmacy Pte Ltd,pharmacy,98295 Southridge Trail,
176,61b07834fc13ae0e32000221,42.785791,124.111099,Changtu,Cordova Community Medical Center,hospital,0288 Elmside Road,6
177,61b07834fc13ae0e32000222,-22.6053393,-46.914966,Santo Antônio de Posse,COVID CENTER 1,specialized center,17751 Green Pass,
178,61b07834fc13ae0e32000223,-7.6426348,112.7032945,Pandean,COVID CENTER 39,specialized center,31015 Sutteridge Road,
179,61b07834fc13ae0e32000224,41.11023,20.0866554,Elbasan,COVID CENTER 8,specialized center,61 Express Parkway,
180,61b07834fc13ae0e32000225,38.2792524,111.6631302,Xiangyanglu,Northeast Alabama Regional Medical Center,hospital,02395 Longview Plaza,5
181,61b07834fc13ae0e32000226,30.019858,122.106773,Dingzhai,Verde Valley Medical Center,hospital,07199 Autumn Leaf Junction,5
182,61b07834fc13ae0e32000227,44.521785,125.72862,Dehui,Pharmacy Services Centre NHG (Blk 9),pharmacy,92630 Lyons Trail,
183,61b07834fc13ae0e32000228,15.0410586,120.0745042,Bangad,South Peninsula Hospital,hospital,03339 Stuart Center,8
184,61b07834fc13ae0e32000229,36.0932201,139.4440586,Kōnosu,PARKWAY EAST HOSPITAL PHARMACY,pharmacy,61562 Swallow Way,
185,61b07834fc13ae0e3200022a,41.4495777,-8.3894249,Vermil,Grandview Medical Center,hospital,024 Manitowish Avenue,3
186,61b07834fc13ae0e3200022b,41.3015266,-8.5820391,Vilares,COVID CENTER 14,specialized center,15 Fremont Alley,
187,61b07834fc13ae0e3200022c,33.001096,106.91786,Xieshui,NHG Pharmacy (CCK Polyclinic),pharmacy,881 Comanche Pass,
188,61b07834fc13ae0e3200022d,1.5245894,110.3127541,Timurlorong,Jackson Medical Center,hospital,6477 Fairfield Park,1
189,61b07834fc13ae0e3200022e,47.6593594,-52.7383086,Torbay,North Baldwin Infirmary,hospital,8 Little Fleur Drive,7
190,61b07834fc13ae0e3200022f,38.8466225,139.8744722,Fukagawa,COVID CENTER 50,specialized center,930 Twin Pines Center,
191,61b07834fc13ae0e32000230,58.3958615,13.8536226,Mariestad,Walker Baptist Medical Center,hospital,39 Loftsgordon Alley,4
192,61b07834fc13ae0e32000231,14.7292113,-88.0338631,San José de Comayagua,National Centre for Infectious Disease (Outpatient Pharmacy),pharmacy,8830 Raven Drive,
193,61b07834fc13ae0e32000232,9.1375974,-75.2128996,Corozal,COVID CENTER 55,specialized center,65771 Kensington Lane,
194,61b07834fc13ae0e32000233,39.1955731,-9.263539,Cabeça Gorda,Providence Kodiak Island Medical Ctr,hospital,837 Haas Park,6
195,61b07834fc13ae0e32000234,43.30706,124.33539,Lishu,,,75817 Commercial Road,
196,61b07834fc13ae0e32000235,-19.6238346,-43.2182878,Itabira,COVID CENTER 20,specialized center,3 Lien Trail,
197,61b07834fc13ae0e32000236,14.136844,-90.008975,Jalpatagua,University Of Alabama Hospital,hospital,886 Old Shore Road,7
198,61b07834fc13ae0e32000237,-7.9360667,112.1787896,Ngancar,Maricopa Medical Center,hospital,02 Clemons Place,3
199,61b07834fc13ae0e32000238,7.0024321,-9.4728244,Gbarnga,COVID CENTER 4,specialized center,5508 Buhler Point,
200,61b07834fc13ae0e32000239,-14.8518869,-66.7486446,San Borja,Evergreen Medical Center,hospital,402 Montana Drive,4
201,61b07834fc13ae0e3200023a,17.1547981,42.6268969,Şabyā,MT ALVERNIA HOSPITAL RETAIL PHARMACY,pharmacy,37224 Hermina Alley,
202,61b07834fc13ae0e3200023b,-9.7089,124.2564,Oemollo,Cordova Community Medical Center,hospital,10 Pepper Wood Parkway,6
203,61b07834fc13ae0e3200023c,38.0970415,21.4183073,Lápas,Yukon Kuskokwim Delta Reg Hospital,hospital,1347 Oak Way,7
204,61b07834fc13ae0e3200023d,47.0184615,-68.1430761,Stockholm,COVID CENTER 3,specialized center,26665 Sundown Plaza,
205,61b07834fc13ae0e3200023e,49.8881618,15.5262702,Ronov nad Doubravou,COVID CENTER 39,specialized center,55792 Bartillon Place,
206,61b07834fc13ae0e3200023f,-4.5329418,105.2077798,Menggala,COVID CENTER 56,specialized center,64265 Talisman Road,
207,61b07834fc13ae0e32000240,30.45,-91.15,Baton Rouge,COVID CENTER 40,specialized center,282 Sugar Road,
208,61b07834fc13ae0e32000241,52.9002738,20.7462079,Opinogóra Górna,WATSONS PERSONAL CARE STORES (TIONG BAHRU PLAZA),pharmacy,71782 Jackson Plaza,
209,61b07834fc13ae0e32000242,-8.170292,124.854068,Taramana,Petersburg Medical Center,hospital,52082 Eagan Avenue,1
210,61b07834fc13ae0e32000243,38.8884333,45.0304001,Qarah Ẕīā’ od Dīn,Russell Medical Center,hospital,2787 Huxley Circle,9
211,61b07834fc13ae0e32000244,-6.9775856,110.5424021,Bulusari,COVID CENTER 34,specialized center,261 Vermont Avenue,
212,61b07834fc13ae0e32000245,27.3526033,62.3447815,Sarāvān,Tan Tock Seng Hospital (Pharmacy Level 2),pharmacy,59 8th Trail,
213,61b07834fc13ae0e32000246,11.379367,7.5599321,Danja,Eliza Coffee Memorial Hospital,hospital,9832 Melrose Terrace,9
214,61b07834fc13ae0e32000247,-8.817396,120.806198,Keli,Petersburg Medical Center,hospital,89368 Carioca Hill,4
215,61b07834fc13ae0e32000248,13.533238,-15.412011,Sara Kunda,Alaska Native Medical Center,hospital,84594 Fallview Junction,2
216,61b07834fc13ae0e32000249,47.1844184,35.1072745,Tymoshivka,COVID CENTER 54,specialized center,5 Kropf Park,
217,61b07834fc13ae0e3200024a,7.2149367,124.2404727,Kiupo,COVID CENTER 45,specialized center,6915 Mayer Pass,
218,61b07834fc13ae0e3200024b,-14.2576342,-69.1692951,Yanahuaya,Community Hospital Inc,hospital,43271 Ilene Plaza,2
219,61b07834fc13ae0e3200024c,57.4249887,60.0526098,Kirovgrad,WATSON'S PERSONAL CARE STORES PTE LTD (WATERWAY POINT),pharmacy,4 Oneill Pass,
220,61b07834fc13ae0e3200024d,55.086808,60.143301,Sinegor'ye,COVID CENTER 47,specialized center,52630 Haas Lane,
221,61b07834fc13ae0e3200024e,-6.4594857,105.9141793,Kadubera,COVID CENTER 52,specialized center,0080 Ohio Lane,
222,61b07834fc13ae0e3200024f,52.2871973,21.2810466,Zielonka,D C H Regional Medical Center,hospital,1 Oxford Point,7
223,61b07834fc13ae0e32000250,14.7793575,121.0489884,Bagombong,MOHAMED MUSTAFA & SAMSUDDIN CO PTE LTD (MUSTAFA CENTRE),pharmacy,3036 Maple Avenue,
224,61b07834fc13ae0e32000251,-29.962127,-51.7250108,São Jerônimo,SMITH PHARMACY PTE LTD,pharmacy,9 6th Plaza,
225,61b07834fc13ae0e32000252,50.5904776,30.4831983,Vyshhorod,SGH BOWYER BLOCK PHARMACY,pharmacy,7 Tennessee Avenue,
226,61b07834fc13ae0e32000253,34.6322209,137.1581462,Muramatsu,MOUNT ELIZABETH NOVENA HOSPITAL PHARMACY,pharmacy,8 Pepper Wood Way,
227,61b07834fc13ae0e32000254,23.350767,112.284638,Hetai,Choctaw General Hospital,hospital,7 Lunder Pass,8
228,61b07834fc13ae0e32000255,55.5446591,13.9636888,Simrishamn,Jurong Medical Centre Pharmacy,pharmacy,75 Menomonie Plaza,
229,61b07834fc13ae0e32000256,13.928808,121.421617,Bukal Sur,Thomson Medical Centre,pharmacy,2 Hintze Place,
230,61b07834fc13ae0e32000257,-26.4822209,-49.073477,Jaraguá do Sul,WELCIA-BHG LOT ONE,pharmacy,63615 Anzinger Alley,
231,61b07834fc13ae0e32000258,49.4104,1.032621,Le Grand-Quevilly,Pickens County Medical Center,hospital,26431 Butterfield Place,6
232,61b07834fc13ae0e32000259,29.4315861,106.912251,Changkeng,COVID CENTER 5,specialized center,54 Grayhawk Alley,
233,61b07834fc13ae0e3200025a,22.7315115,-98.9735333,Independencia,Crestwood Medical Center,hospital,1 Maple Trail,9
234,61b07834fc13ae0e3200025b,53.2737147,-9.0288689,Gweedore,North Baldwin Infirmary,hospital,5 Arrowood Place,9
235,61b07834fc13ae0e3200025c,26.1656051,50.5523828,Madīnat ‘Īsá,L V Stabler Memorial Hospital,hospital,637 Dunning Junction,4
236,61b07834fc13ae0e3200025d,-8.7615563,116.3574136,Mujur,Tucson Medical Center,hospital,9859 School Avenue,3
237,61b07834fc13ae0e3200025e,52.2063851,-0.9009942,Wootton,Mobile Infirmary Medical Center,hospital,90 Monument Center,8
238,61b07834fc13ae0e3200025f,54.141067,25.0156941,Eišiškės,COVID CENTER 28,specialized center,17428 Union Junction,
239,61b07834fc13ae0e32000260,14.0790439,5.956825,Madaoua,Scottsdale Osborn Medical Center,hospital,82 Jenna Pass,6
240,61b07834fc13ae0e32000261,35.719396,117.953621,Mengyin,Prattville Baptist Hospital,hospital,3 Vahlen Point,6
241,61b07834fc13ae0e32000262,13.6361135,123.1924955,Barayong,KK Emergency Pharmacy,pharmacy,29 Maple Wood Trail,
242,61b07834fc13ae0e32000263,42.8408389,20.1670628,Rožaje,SGH Retail Pharmacy (Blk 4),pharmacy,5 Becker Point,
243,61b07834fc13ae0e32000264,-2.886385,-78.7759559,Gualaceo,Crestwood Medical Center,hospital,98 Pearson Crossing,7
244,61b07834fc13ae0e32000265,53.10672,-0.687802,Stapleford,Alchemy Pharmacy,pharmacy,2898 Hermina Center,
245,61b07834fc13ae0e32000266,39.562646,113.369956,Dalinhe,Community Hospital Inc,hospital,83666 Fisk Place,3
246,61b07834fc13ae0e32000267,35.8413934,14.5466374,Marsaxlokk,East Alabama Medical Center,hospital,0506 Jana Way,6
247,61b07834fc13ae0e32000268,33.45,-111.97,Phoenix,Grandview Medical Center,hospital,1 Lake View Park,7
248,61b07834fc13ae0e32000269,31.463475,120.649341,Weitang,Eliza Coffee Memorial Hospital,hospital,05376 Randy Park,5
249,61b07834fc13ae0e3200026a,27.991617,114.387256,Changleng,Highlands Medical Center,hospital,5 Sachtjen Street,8
250,61b07834fc13ae0e3200026b,5.7799851,101.0372376,Betong,St Vincent's St Clair,hospital,532 Arrowood Street,4
251,61b07834fc13ae0e3200026c,18.6500708,-74.3066879,Abricots,North Baldwin Infirmary,hospital,10599 Larry Lane,6
252,61b07834fc13ae0e3200026d,42.8494142,27.7900409,Byala,Providence Alaska Medical Center,hospital,8286 Hooker Street,4
253,61b07834fc13ae0e3200026e,49.73554,21.26331,Biecz,COVID CENTER 10,specialized center,14791 Carberry Pass,
254,61b07834fc13ae0e3200026f,50.859278,14.4868632,Chřibská,Alaska Regional Hospital,hospital,78198 Welch Trail,2
255,61b07834fc13ae0e32000270,48.1547935,25.7100722,Storozhynets’,MEDI-LINK PHARMACY,pharmacy,3 Macpherson Lane,
256,61b07834fc13ae0e32000271,60.0203894,41.0711197,Syamzha,COVID CENTER 54,specialized center,22 Charing Cross Crossing,
257,61b07834fc13ae0e32000272,25.770509,113.014717,Chenzhou,Thomas Hospital,hospital,03480 New Castle Alley,1
258,61b07834fc13ae0e32000273,13.6532561,100.5633676,Phra Pradaeng,Marshall Medical Center South,hospital,5 Del Sol Pass,10
259,61b07834fc13ae0e32000274,29.18902,103.236634,Qiping,COVID CENTER 29,specialized center,429 Union Street,
260,61b07834fc13ae0e32000275,-8.5575745,116.5377213,Kembangkerang Satu,GRACE HEALTHCARE,pharmacy,49 Jay Place,
261,61b07834fc13ae0e32000276,33.3594755,35.5889282,Marjayoûn,Ketchikan Medical Center,hospital,75 Kropf Circle,4
262,61b07834fc13ae0e32000277,32.7010866,-17.1340519,Madalena do Mar,Coosa Valley Medical Center,hospital,8 Spenser Street,7
263,61b07834fc13ae0e32000278,-6.1944094,106.582844,Dahu Satu,COVID CENTER 20,specialized center,58384 Stoughton Avenue,
264,61b07834fc13ae0e32000279,-8.2357,124.9124,Lakateng,SMITH PHARMACY PTE LTD,pharmacy,1 Arizona Junction,
265,61b07834fc13ae0e3200027a,14.697103,122.365336,Casuguran,NATIONAL UNIVERSITY HOSPITAL(S) PTE LTD (MEDICAL CENTRE PHARMACY),pharmacy,007 Iowa Parkway,
266,61b07834fc13ae0e3200027b,8.5273038,-82.7994194,Aserrío de Gariché,MUSTAFA PHARMACY,pharmacy,81336 Melby Drive,
267,61b07834fc13ae0e3200027c,19.0779991,-71.8423092,Thomassique,St Vincent's St Clair,hospital,0 Carioca Crossing,9
268,61b07834fc13ae0e3200027d,45.9380817,16.7806658,Predavac,Community Hospital Inc,hospital,623 Lighthouse Bay Road,4
269,61b07834fc13ae0e3200027e,53.9240029,53.873969,Priyutovo,Manapharma Pharmacy,pharmacy,48 Summer Ridge Place,
270,61b07834fc13ae0e3200027f,-7.9766381,-78.8134873,Simbal,COVID CENTER 7,specialized center,3436 Mosinee Circle,
